,0
0,DecisionTreeClassifier(random_state=1)
1,"DecisionTreeClassifier(ccp_alpha=0.00010033253067308798, random_state=1)"
2,"DecisionTreeClassifier(ccp_alpha=0.0001026792793214325, random_state=1)"
3,"DecisionTreeClassifier(ccp_alpha=0.00010297739967650535, random_state=1)"
4,"DecisionTreeClassifier(ccp_alpha=0.00010319917440660474, random_state=1)"
5,"DecisionTreeClassifier(ccp_alpha=0.00010319917440660474, random_state=1)"
6,"DecisionTreeClassifier(ccp_alpha=0.00010319917440660474, random_state=1)"
7,"DecisionTreeClassifier(ccp_alpha=0.00010319917440660474, random_state=1)"
8,"DecisionTreeClassifier(ccp_alpha=0.00010319917440660474, random_state=1)"
9,"DecisionTreeClassifier(ccp_alpha=0.00010319917440660474, random_state=1)"
10,"DecisionTreeClassifier(ccp_alpha=0.00010319917440660474, random_state=1)"
11,"DecisionTreeClassifier(ccp_alpha=0.00010319917440660474, random_state=1)"
12,"DecisionTreeClassifier(ccp_alpha=0.00010319917440660474, random_state=1)"
13,"DecisionTreeClassifier(ccp_alpha=0.00010319917440660474, random_state=1)"
14,"DecisionTreeClassifier(ccp_alpha=0.00010319917440660474, random_state=1)"
15,"DecisionTreeClassifier(ccp_alpha=0.00010319917440660474, random_state=1)"
16,"DecisionTreeClassifier(ccp_alpha=0.00010319917440660474, random_state=1)"
17,"DecisionTreeClassifier(ccp_alpha=0.00010319917440660474, random_state=1)"
18,"DecisionTreeClassifier(ccp_alpha=0.00010319917440660474, random_state=1)"
19,"DecisionTreeClassifier(ccp_alpha=0.00010319917440660474, random_state=1)"
20,"DecisionTreeClassifier(ccp_alpha=0.00010319917440660474, random_state=1)"
21,"DecisionTreeClassifier(ccp_alpha=0.00010319917440660474, random_state=1)"
22,"DecisionTreeClassifier(ccp_alpha=0.00010319917440660474, random_state=1)"
23,"DecisionTreeClassifier(ccp_alpha=0.00010319917440660474, random_state=1)"
24,"DecisionTreeClassifier(ccp_alpha=0.00010319917440660474, random_state=1)"
25,"DecisionTreeClassifier(ccp_alpha=0.00010319917440660474, random_state=1)"
26,"DecisionTreeClassifier(ccp_alpha=0.00010319917440660474, random_state=1)"
27,"DecisionTreeClassifier(ccp_alpha=0.00010319917440660474, random_state=1)"
28,"DecisionTreeClassifier(ccp_alpha=0.00010319917440660474, random_state=1)"
29,"DecisionTreeClassifier(ccp_alpha=0.00010319917440660474, random_state=1)"
30,"DecisionTreeClassifier(ccp_alpha=0.00010319917440660474, random_state=1)"
31,"DecisionTreeClassifier(ccp_alpha=0.00010319917440660474, random_state=1)"
32,"DecisionTreeClassifier(ccp_alpha=0.00010319917440660474, random_state=1)"
33,"DecisionTreeClassifier(ccp_alpha=0.00010319917440660474, random_state=1)"
34,"DecisionTreeClassifier(ccp_alpha=0.00010319917440660474, random_state=1)"
35,"DecisionTreeClassifier(ccp_alpha=0.00010319917440660474, random_state=1)"
36,"DecisionTreeClassifier(ccp_alpha=0.00010319917440660474, random_state=1)"
37,"DecisionTreeClassifier(ccp_alpha=0.00010319917440660474, random_state=1)"
38,"DecisionTreeClassifier(ccp_alpha=0.00010319917440660474, random_state=1)"
39,"DecisionTreeClassifier(ccp_alpha=0.00010319917440660474, random_state=1)"
40,"DecisionTreeClassifier(ccp_alpha=0.00010319917440660474, random_state=1)"
41,"DecisionTreeClassifier(ccp_alpha=0.00010319917440660474, random_state=1)"
42,"DecisionTreeClassifier(ccp_alpha=0.00010319917440660474, random_state=1)"
43,"DecisionTreeClassifier(ccp_alpha=0.00010319917440660474, random_state=1)"
44,"DecisionTreeClassifier(ccp_alpha=0.00010319917440660474, random_state=1)"
45,"DecisionTreeClassifier(ccp_alpha=0.00010319917440660474, random_state=1)"
46,"DecisionTreeClassifier(ccp_alpha=0.00010319917440660474, random_state=1)"
47,"DecisionTreeClassifier(ccp_alpha=0.00010319917440660474, random_state=1)"
48,"DecisionTreeClassifier(ccp_alpha=0.00010319917440660474, random_state=1)"
49,"DecisionTreeClassifier(ccp_alpha=0.00010319917440660474, random_state=1)"
50,"DecisionTreeClassifier(ccp_alpha=0.00010319917440660474, random_state=1)"
51,"DecisionTreeClassifier(ccp_alpha=0.00010319917440660474, random_state=1)"
52,"DecisionTreeClassifier(ccp_alpha=0.00010319917440660474, random_state=1)"
53,"DecisionTreeClassifier(ccp_alpha=0.00010319917440660474, random_state=1)"
54,"DecisionTreeClassifier(ccp_alpha=0.00010319917440660474, random_state=1)"
55,"DecisionTreeClassifier(ccp_alpha=0.00010319917440660474, random_state=1)"
56,"DecisionTreeClassifier(ccp_alpha=0.00010319917440660474, random_state=1)"
57,"DecisionTreeClassifier(ccp_alpha=0.00010319917440660474, random_state=1)"
58,"DecisionTreeClassifier(ccp_alpha=0.00010319917440660474, random_state=1)"
59,"DecisionTreeClassifier(ccp_alpha=0.00010319917440660474, random_state=1)"
60,"DecisionTreeClassifier(ccp_alpha=0.00010319917440660474, random_state=1)"
61,"DecisionTreeClassifier(ccp_alpha=0.00010319917440660474, random_state=1)"
62,"DecisionTreeClassifier(ccp_alpha=0.00010319917440660474, random_state=1)"
63,"DecisionTreeClassifier(ccp_alpha=0.00010319917440660474, random_state=1)"
64,"DecisionTreeClassifier(ccp_alpha=0.00010319917440660474, random_state=1)"
65,"DecisionTreeClassifier(ccp_alpha=0.00010319917440660474, random_state=1)"
66,"DecisionTreeClassifier(ccp_alpha=0.00010319917440660474, random_state=1)"
67,"DecisionTreeClassifier(ccp_alpha=0.00010319917440660474, random_state=1)"
68,"DecisionTreeClassifier(ccp_alpha=0.00010319917440660474, random_state=1)"
69,"DecisionTreeClassifier(ccp_alpha=0.00010319917440660474, random_state=1)"
70,"DecisionTreeClassifier(ccp_alpha=0.00010319917440660474, random_state=1)"
71,"DecisionTreeClassifier(ccp_alpha=0.00010319917440660474, random_state=1)"
72,"DecisionTreeClassifier(ccp_alpha=0.00010319917440660474, random_state=1)"
73,"DecisionTreeClassifier(ccp_alpha=0.00010319917440660474, random_state=1)"
74,"DecisionTreeClassifier(ccp_alpha=0.00010319917440660474, random_state=1)"
75,"DecisionTreeClassifier(ccp_alpha=0.00010319917440660474, random_state=1)"
76,"DecisionTreeClassifier(ccp_alpha=0.00010319917440660474, random_state=1)"
77,"DecisionTreeClassifier(ccp_alpha=0.00010319917440660474, random_state=1)"
78,"DecisionTreeClassifier(ccp_alpha=0.00010319917440660474, random_state=1)"
79,"DecisionTreeClassifier(ccp_alpha=0.00010319917440660474, random_state=1)"
80,"DecisionTreeClassifier(ccp_alpha=0.00010319917440660474, random_state=1)"
81,"DecisionTreeClassifier(ccp_alpha=0.00010319917440660474, random_state=1)"
82,"DecisionTreeClassifier(ccp_alpha=0.00010319917440660477, random_state=1)"
83,"DecisionTreeClassifier(ccp_alpha=0.00010319917440660477, random_state=1)"
84,"DecisionTreeClassifier(ccp_alpha=0.0001280747962971516, random_state=1)"
85,"DecisionTreeClassifier(ccp_alpha=0.00013129825681394453, random_state=1)"
86,"DecisionTreeClassifier(ccp_alpha=0.00013759889920880633, random_state=1)"
87,"DecisionTreeClassifier(ccp_alpha=0.00013759889920880633, random_state=1)"
88,"DecisionTreeClassifier(ccp_alpha=0.00013759889920880633, random_state=1)"
89,"DecisionTreeClassifier(ccp_alpha=0.00013759889920880633, random_state=1)"
90,"DecisionTreeClassifier(ccp_alpha=0.00013759889920880633, random_state=1)"
91,"DecisionTreeClassifier(ccp_alpha=0.00013759889920880633, random_state=1)"
92,"DecisionTreeClassifier(ccp_alpha=0.00013759889920880633, random_state=1)"
93,"DecisionTreeClassifier(ccp_alpha=0.00013759889920880633, random_state=1)"
94,"DecisionTreeClassifier(ccp_alpha=0.00013759889920880633, random_state=1)"
95,"DecisionTreeClassifier(ccp_alpha=0.00013759889920880633, random_state=1)"
96,"DecisionTreeClassifier(ccp_alpha=0.00013759889920880633, random_state=1)"
97,"DecisionTreeClassifier(ccp_alpha=0.00013759889920880633, random_state=1)"
98,"DecisionTreeClassifier(ccp_alpha=0.00013759889920880633, random_state=1)"
99,"DecisionTreeClassifier(ccp_alpha=0.00013759889920880633, random_state=1)"
100,"DecisionTreeClassifier(ccp_alpha=0.00013759889920880633, random_state=1)"
101,"DecisionTreeClassifier(ccp_alpha=0.00013759889920880633, random_state=1)"
102,"DecisionTreeClassifier(ccp_alpha=0.00013759889920880633, random_state=1)"
103,"DecisionTreeClassifier(ccp_alpha=0.00013759889920880633, random_state=1)"
104,"DecisionTreeClassifier(ccp_alpha=0.00013759889920880633, random_state=1)"
105,"DecisionTreeClassifier(ccp_alpha=0.00013759889920880633, random_state=1)"
106,"DecisionTreeClassifier(ccp_alpha=0.00013759889920880633, random_state=1)"
107,"DecisionTreeClassifier(ccp_alpha=0.00013759889920880633, random_state=1)"
108,"DecisionTreeClassifier(ccp_alpha=0.00013759889920880633, random_state=1)"
109,"DecisionTreeClassifier(ccp_alpha=0.00013759889920880633, random_state=1)"
110,"DecisionTreeClassifier(ccp_alpha=0.00013759889920880633, random_state=1)"
111,"DecisionTreeClassifier(ccp_alpha=0.00013759889920880633, random_state=1)"
112,"DecisionTreeClassifier(ccp_alpha=0.00013759889920880633, random_state=1)"
113,"DecisionTreeClassifier(ccp_alpha=0.0001537633183884366, random_state=1)"
114,"DecisionTreeClassifier(ccp_alpha=0.0001547987616099071, random_state=1)"
115,"DecisionTreeClassifier(ccp_alpha=0.0001547987616099071, random_state=1)"
116,"DecisionTreeClassifier(ccp_alpha=0.0001547987616099071, random_state=1)"
117,"DecisionTreeClassifier(ccp_alpha=0.0001547987616099071, random_state=1)"
118,"DecisionTreeClassifier(ccp_alpha=0.0001547987616099071, random_state=1)"
119,"DecisionTreeClassifier(ccp_alpha=0.0001547987616099071, random_state=1)"
120,"DecisionTreeClassifier(ccp_alpha=0.0001547987616099071, random_state=1)"
121,"DecisionTreeClassifier(ccp_alpha=0.0001547987616099071, random_state=1)"
122,"DecisionTreeClassifier(ccp_alpha=0.0001547987616099071, random_state=1)"
123,"DecisionTreeClassifier(ccp_alpha=0.0001547987616099071, random_state=1)"
124,"DecisionTreeClassifier(ccp_alpha=0.0001547987616099071, random_state=1)"
125,"DecisionTreeClassifier(ccp_alpha=0.0001547987616099071, random_state=1)"
126,"DecisionTreeClassifier(ccp_alpha=0.0001547987616099071, random_state=1)"
127,"DecisionTreeClassifier(ccp_alpha=0.0001547987616099071, random_state=1)"
128,"DecisionTreeClassifier(ccp_alpha=0.0001547987616099071, random_state=1)"
129,"DecisionTreeClassifier(ccp_alpha=0.0001547987616099071, random_state=1)"
130,"DecisionTreeClassifier(ccp_alpha=0.0001547987616099071, random_state=1)"
131,"DecisionTreeClassifier(ccp_alpha=0.0001547987616099071, random_state=1)"
132,"DecisionTreeClassifier(ccp_alpha=0.0001547987616099071, random_state=1)"
133,"DecisionTreeClassifier(ccp_alpha=0.00015479876160990713, random_state=1)"
134,"DecisionTreeClassifier(ccp_alpha=0.00015479876160990713, random_state=1)"
135,"DecisionTreeClassifier(ccp_alpha=0.00015479876160990713, random_state=1)"
136,"DecisionTreeClassifier(ccp_alpha=0.00015479876160990713, random_state=1)"
137,"DecisionTreeClassifier(ccp_alpha=0.00015479876160990713, random_state=1)"
138,"DecisionTreeClassifier(ccp_alpha=0.00015479876160990713, random_state=1)"
139,"DecisionTreeClassifier(ccp_alpha=0.00015479876160990713, random_state=1)"
140,"DecisionTreeClassifier(ccp_alpha=0.00015479876160990713, random_state=1)"
141,"DecisionTreeClassifier(ccp_alpha=0.00015479876160990713, random_state=1)"
142,"DecisionTreeClassifier(ccp_alpha=0.00015479876160990713, random_state=1)"
143,"DecisionTreeClassifier(ccp_alpha=0.00015479876160990713, random_state=1)"
144,"DecisionTreeClassifier(ccp_alpha=0.00015479876160990713, random_state=1)"
145,"DecisionTreeClassifier(ccp_alpha=0.00015479876160990713, random_state=1)"
146,"DecisionTreeClassifier(ccp_alpha=0.00015479876160990713, random_state=1)"
147,"DecisionTreeClassifier(ccp_alpha=0.00015479876160990713, random_state=1)"
148,"DecisionTreeClassifier(ccp_alpha=0.00015479876160990713, random_state=1)"
149,"DecisionTreeClassifier(ccp_alpha=0.00015479876160990713, random_state=1)"
150,"DecisionTreeClassifier(ccp_alpha=0.00016511867905056755, random_state=1)"
151,"DecisionTreeClassifier(ccp_alpha=0.00016511867905056755, random_state=1)"
152,"DecisionTreeClassifier(ccp_alpha=0.00016511867905056755, random_state=1)"
153,"DecisionTreeClassifier(ccp_alpha=0.00016511867905056758, random_state=1)"
154,"DecisionTreeClassifier(ccp_alpha=0.00016511867905056758, random_state=1)"
155,"DecisionTreeClassifier(ccp_alpha=0.00016511867905056758, random_state=1)"
156,"DecisionTreeClassifier(ccp_alpha=0.00016511867905056758, random_state=1)"
157,"DecisionTreeClassifier(ccp_alpha=0.00016511867905056758, random_state=1)"
158,"DecisionTreeClassifier(ccp_alpha=0.00016511867905056758, random_state=1)"
159,"DecisionTreeClassifier(ccp_alpha=0.00016511867905056758, random_state=1)"
160,"DecisionTreeClassifier(ccp_alpha=0.00016787758166427968, random_state=1)"
161,"DecisionTreeClassifier(ccp_alpha=0.0001719986240110079, random_state=1)"
162,"DecisionTreeClassifier(ccp_alpha=0.0001719986240110079, random_state=1)"
163,"DecisionTreeClassifier(ccp_alpha=0.0001719986240110079, random_state=1)"
164,"DecisionTreeClassifier(ccp_alpha=0.00017199862401100793, random_state=1)"
165,"DecisionTreeClassifier(ccp_alpha=0.00017199862401100793, random_state=1)"
166,"DecisionTreeClassifier(ccp_alpha=0.00017691287041132246, random_state=1)"
167,"DecisionTreeClassifier(ccp_alpha=0.00017691287041132246, random_state=1)"
168,"DecisionTreeClassifier(ccp_alpha=0.00017691287041132246, random_state=1)"
169,"DecisionTreeClassifier(ccp_alpha=0.00017691287041132246, random_state=1)"
170,"DecisionTreeClassifier(ccp_alpha=0.00017691287041132246, random_state=1)"
171,"DecisionTreeClassifier(ccp_alpha=0.00017691287041132246, random_state=1)"
172,"DecisionTreeClassifier(ccp_alpha=0.0001805985552115583, random_state=1)"
173,"DecisionTreeClassifier(ccp_alpha=0.00018575851393188856, random_state=1)"
174,"DecisionTreeClassifier(ccp_alpha=0.00018575851393188856, random_state=1)"
175,"DecisionTreeClassifier(ccp_alpha=0.00018575851393188856, random_state=1)"
176,"DecisionTreeClassifier(ccp_alpha=0.00018575851393188856, random_state=1)"
177,"DecisionTreeClassifier(ccp_alpha=0.00018575851393188856, random_state=1)"
178,"DecisionTreeClassifier(ccp_alpha=0.0001876348625574632, random_state=1)"
179,"DecisionTreeClassifier(ccp_alpha=0.00018919848641210868, random_state=1)"
180,"DecisionTreeClassifier(ccp_alpha=0.0001891984864121087, random_state=1)"
181,"DecisionTreeClassifier(ccp_alpha=0.0001891984864121087, random_state=1)"
182,"DecisionTreeClassifier(ccp_alpha=0.00019052155275065485, random_state=1)"
183,"DecisionTreeClassifier(ccp_alpha=0.00019052155275065485, random_state=1)"
184,"DecisionTreeClassifier(ccp_alpha=0.00019052155275065485, random_state=1)"
185,"DecisionTreeClassifier(ccp_alpha=0.00019165560961226602, random_state=1)"
186,"DecisionTreeClassifier(ccp_alpha=0.00019165560961226602, random_state=1)"
187,"DecisionTreeClassifier(ccp_alpha=0.0001926384588923289, random_state=1)"
188,"DecisionTreeClassifier(ccp_alpha=0.0001926384588923289, random_state=1)"
189,"DecisionTreeClassifier(ccp_alpha=0.0001926384588923289, random_state=1)"
190,"DecisionTreeClassifier(ccp_alpha=0.0001926384588923289, random_state=1)"
191,"DecisionTreeClassifier(ccp_alpha=0.00019263845889232892, random_state=1)"
192,"DecisionTreeClassifier(ccp_alpha=0.0001934984520123839, random_state=1)"
193,"DecisionTreeClassifier(ccp_alpha=0.00019425726947125603, random_state=1)"
194,"DecisionTreeClassifier(ccp_alpha=0.00019493177387914235, random_state=1)"
195,"DecisionTreeClassifier(ccp_alpha=0.00019539663502511813, random_state=1)"
196,"DecisionTreeClassifier(ccp_alpha=0.00019701660568533644, random_state=1)"
197,"DecisionTreeClassifier(ccp_alpha=0.00019701660568533644, random_state=1)"
198,"DecisionTreeClassifier(ccp_alpha=0.00019845995078193233, random_state=1)"
199,"DecisionTreeClassifier(ccp_alpha=0.0001987539655238313, random_state=1)"
200,"DecisionTreeClassifier(ccp_alpha=0.0001987539655238313, random_state=1)"
201,"DecisionTreeClassifier(ccp_alpha=0.00019928116437137452, random_state=1)"
202,"DecisionTreeClassifier(ccp_alpha=0.00019936204146730465, random_state=1)"
203,"DecisionTreeClassifier(ccp_alpha=0.0001999484004127967, random_state=1)"
204,"DecisionTreeClassifier(ccp_alpha=0.0001999484004127967, random_state=1)"
205,"DecisionTreeClassifier(ccp_alpha=0.00020050125313283198, random_state=1)"
206,"DecisionTreeClassifier(ccp_alpha=0.00020066506134617596, random_state=1)"
207,"DecisionTreeClassifier(ccp_alpha=0.00020082001506150133, random_state=1)"
208,"DecisionTreeClassifier(ccp_alpha=0.00020086982161285555, random_state=1)"
209,"DecisionTreeClassifier(ccp_alpha=0.0002012383900928791, random_state=1)"
210,"DecisionTreeClassifier(ccp_alpha=0.00020148410241289488, random_state=1)"
211,"DecisionTreeClassifier(ccp_alpha=0.0002016997080757925, random_state=1)"
212,"DecisionTreeClassifier(ccp_alpha=0.00020170747724927287, random_state=1)"
213,"DecisionTreeClassifier(ccp_alpha=0.00020257615716852022, random_state=1)"
214,"DecisionTreeClassifier(ccp_alpha=0.00020271266401297372, random_state=1)"
215,"DecisionTreeClassifier(ccp_alpha=0.0002027773251498199, random_state=1)"
216,"DecisionTreeClassifier(ccp_alpha=0.00020283975659229238, random_state=1)"
217,"DecisionTreeClassifier(ccp_alpha=0.0002029766848343951, random_state=1)"
218,"DecisionTreeClassifier(ccp_alpha=0.00020301067487391846, random_state=1)"
219,"DecisionTreeClassifier(ccp_alpha=0.00020306934318719001, random_state=1)"
220,"DecisionTreeClassifier(ccp_alpha=0.0002031221845463332, random_state=1)"
221,"DecisionTreeClassifier(ccp_alpha=0.00020327110110391827, random_state=1)"
222,"DecisionTreeClassifier(ccp_alpha=0.00020344980097302082, random_state=1)"
223,"DecisionTreeClassifier(ccp_alpha=0.00020385022105008361, random_state=1)"
224,"DecisionTreeClassifier(ccp_alpha=0.0002039701329448186, random_state=1)"
225,"DecisionTreeClassifier(ccp_alpha=0.00020417901172919682, random_state=1)"
226,"DecisionTreeClassifier(ccp_alpha=0.00020431351700701502, random_state=1)"
227,"DecisionTreeClassifier(ccp_alpha=0.00020519134092541273, random_state=1)"
228,"DecisionTreeClassifier(ccp_alpha=0.00020519134092541273, random_state=1)"
229,"DecisionTreeClassifier(ccp_alpha=0.0002052322564470333, random_state=1)"
230,"DecisionTreeClassifier(ccp_alpha=0.00020525169131980277, random_state=1)"
231,"DecisionTreeClassifier(ccp_alpha=0.00020546633656487353, random_state=1)"
232,"DecisionTreeClassifier(ccp_alpha=0.00020565768488206112, random_state=1)"
233,"DecisionTreeClassifier(ccp_alpha=0.0002063983488132095, random_state=1)"
234,"DecisionTreeClassifier(ccp_alpha=0.0002063983488132095, random_state=1)"
235,"DecisionTreeClassifier(ccp_alpha=0.0002063983488132095, random_state=1)"
236,"DecisionTreeClassifier(ccp_alpha=0.0002063983488132095, random_state=1)"
237,"DecisionTreeClassifier(ccp_alpha=0.0002063983488132095, random_state=1)"
238,"DecisionTreeClassifier(ccp_alpha=0.00020639834881320952, random_state=1)"
239,"DecisionTreeClassifier(ccp_alpha=0.00020639834881320952, random_state=1)"
240,"DecisionTreeClassifier(ccp_alpha=0.00020639834881320952, random_state=1)"
241,"DecisionTreeClassifier(ccp_alpha=0.00020639834881320952, random_state=1)"
242,"DecisionTreeClassifier(ccp_alpha=0.00020639834881320952, random_state=1)"
243,"DecisionTreeClassifier(ccp_alpha=0.00020639834881320952, random_state=1)"
244,"DecisionTreeClassifier(ccp_alpha=0.00023588382721509654, random_state=1)"
245,"DecisionTreeClassifier(ccp_alpha=0.0002360930718330325, random_state=1)"
246,"DecisionTreeClassifier(ccp_alpha=0.00024079807361541107, random_state=1)"
247,"DecisionTreeClassifier(ccp_alpha=0.0002407980736154111, random_state=1)"
248,"DecisionTreeClassifier(ccp_alpha=0.00024325519681556835, random_state=1)"
249,"DecisionTreeClassifier(ccp_alpha=0.00024325519681556835, random_state=1)"
250,"DecisionTreeClassifier(ccp_alpha=0.00024325519681556835, random_state=1)"
251,"DecisionTreeClassifier(ccp_alpha=0.00024325519681556835, random_state=1)"
252,"DecisionTreeClassifier(ccp_alpha=0.00024325519681556835, random_state=1)"
253,"DecisionTreeClassifier(ccp_alpha=0.00024325519681556835, random_state=1)"
254,"DecisionTreeClassifier(ccp_alpha=0.00024325519681556835, random_state=1)"
255,"DecisionTreeClassifier(ccp_alpha=0.00024767801857585134, random_state=1)"
256,"DecisionTreeClassifier(ccp_alpha=0.0002476780185758514, random_state=1)"
257,"DecisionTreeClassifier(ccp_alpha=0.0002476780185758514, random_state=1)"
258,"DecisionTreeClassifier(ccp_alpha=0.0002476780185758514, random_state=1)"
259,"DecisionTreeClassifier(ccp_alpha=0.0002476780185758514, random_state=1)"
260,"DecisionTreeClassifier(ccp_alpha=0.0002476780185758514, random_state=1)"
261,"DecisionTreeClassifier(ccp_alpha=0.0002522646485494782, random_state=1)"
262,"DecisionTreeClassifier(ccp_alpha=0.00025330706445257525, random_state=1)"
263,"DecisionTreeClassifier(ccp_alpha=0.00025330706445257525, random_state=1)"
264,"DecisionTreeClassifier(ccp_alpha=0.00026315789473684205, random_state=1)"
265,"DecisionTreeClassifier(ccp_alpha=0.00026536930561698354, random_state=1)"
266,"DecisionTreeClassifier(ccp_alpha=0.00026536930561698354, random_state=1)"
267,"DecisionTreeClassifier(ccp_alpha=0.0002653693056169837, random_state=1)"
268,"DecisionTreeClassifier(ccp_alpha=0.00026831785345717235, random_state=1)"
269,"DecisionTreeClassifier(ccp_alpha=0.00026831785345717235, random_state=1)"
270,"DecisionTreeClassifier(ccp_alpha=0.00026831785345717235, random_state=1)"
271,"DecisionTreeClassifier(ccp_alpha=0.00026831785345717235, random_state=1)"
272,"DecisionTreeClassifier(ccp_alpha=0.00027519779841761265, random_state=1)"
273,"DecisionTreeClassifier(ccp_alpha=0.00027519779841761265, random_state=1)"
274,"DecisionTreeClassifier(ccp_alpha=0.00027519779841761265, random_state=1)"
275,"DecisionTreeClassifier(ccp_alpha=0.0002786377708978328, random_state=1)"
276,"DecisionTreeClassifier(ccp_alpha=0.0002786377708978328, random_state=1)"
277,"DecisionTreeClassifier(ccp_alpha=0.00027863777089783296, random_state=1)"
278,"DecisionTreeClassifier(ccp_alpha=0.00027863777089783296, random_state=1)"
279,"DecisionTreeClassifier(ccp_alpha=0.00028093108588464607, random_state=1)"
280,"DecisionTreeClassifier(ccp_alpha=0.00028093108588464607, random_state=1)"
281,"DecisionTreeClassifier(ccp_alpha=0.0002837977296181631, random_state=1)"
282,"DecisionTreeClassifier(ccp_alpha=0.0002837977296181631, random_state=1)"
283,"DecisionTreeClassifier(ccp_alpha=0.0002837977296181631, random_state=1)"
284,"DecisionTreeClassifier(ccp_alpha=0.0002837977296181631, random_state=1)"
285,"DecisionTreeClassifier(ccp_alpha=0.0002852720035382578, random_state=1)"
286,"DecisionTreeClassifier(ccp_alpha=0.00028736687102550606, random_state=1)"
287,"DecisionTreeClassifier(ccp_alpha=0.0002874834144183989, random_state=1)"
288,"DecisionTreeClassifier(ccp_alpha=0.0002874834144183989, random_state=1)"
289,"DecisionTreeClassifier(ccp_alpha=0.0002884886011820996, random_state=1)"
290,"DecisionTreeClassifier(ccp_alpha=0.00029190623617868195, random_state=1)"
291,"DecisionTreeClassifier(ccp_alpha=0.0002935443183121202, random_state=1)"
292,"DecisionTreeClassifier(ccp_alpha=0.0002935443183121202, random_state=1)"
293,"DecisionTreeClassifier(ccp_alpha=0.00029411764705882356, random_state=1)"
294,"DecisionTreeClassifier(ccp_alpha=0.0002948547840188707, random_state=1)"
295,"DecisionTreeClassifier(ccp_alpha=0.0002948547840188707, random_state=1)"
296,"DecisionTreeClassifier(ccp_alpha=0.00029541653855788053, random_state=1)"
297,"DecisionTreeClassifier(ccp_alpha=0.0002955249085280045, random_state=1)"
298,"DecisionTreeClassifier(ccp_alpha=0.000296136761340692, random_state=1)"
299,"DecisionTreeClassifier(ccp_alpha=0.000296136761340692, random_state=1)"
300,"DecisionTreeClassifier(ccp_alpha=0.00029615282289564555, random_state=1)"
301,"DecisionTreeClassifier(ccp_alpha=0.00029791459781529296, random_state=1)"
302,"DecisionTreeClassifier(ccp_alpha=0.0002989217465570618, random_state=1)"
303,"DecisionTreeClassifier(ccp_alpha=0.00029949432764245004, random_state=1)"
304,"DecisionTreeClassifier(ccp_alpha=0.0002997690304191855, random_state=1)"
305,"DecisionTreeClassifier(ccp_alpha=0.0003007518796992481, random_state=1)"
306,"DecisionTreeClassifier(ccp_alpha=0.00030099759201926386, random_state=1)"
307,"DecisionTreeClassifier(ccp_alpha=0.00030099759201926386, random_state=1)"
308,"DecisionTreeClassifier(ccp_alpha=0.00030099759201926386, random_state=1)"
309,"DecisionTreeClassifier(ccp_alpha=0.00030256121587390937, random_state=1)"
310,"DecisionTreeClassifier(ccp_alpha=0.00030346687919566, random_state=1)"
311,"DecisionTreeClassifier(ccp_alpha=0.00030428268442423366, random_state=1)"
312,"DecisionTreeClassifier(ccp_alpha=0.00030487084347600004, random_state=1)"
313,"DecisionTreeClassifier(ccp_alpha=0.0003048804679245642, random_state=1)"
314,"DecisionTreeClassifier(ccp_alpha=0.00030579878060362094, random_state=1)"
315,"DecisionTreeClassifier(ccp_alpha=0.00030671754625962984, random_state=1)"
316,"DecisionTreeClassifier(ccp_alpha=0.0003074623678872646, random_state=1)"
317,"DecisionTreeClassifier(ccp_alpha=0.0003095975232198142, random_state=1)"
318,"DecisionTreeClassifier(ccp_alpha=0.00030959752321981426, random_state=1)"
319,"DecisionTreeClassifier(ccp_alpha=0.00030959752321981426, random_state=1)"
320,"DecisionTreeClassifier(ccp_alpha=0.00030959752321981426, random_state=1)"
321,"DecisionTreeClassifier(ccp_alpha=0.00031189083820662753, random_state=1)"
322,"DecisionTreeClassifier(ccp_alpha=0.0003153308106868479, random_state=1)"
323,"DecisionTreeClassifier(ccp_alpha=0.0003164774681802546, random_state=1)"
324,"DecisionTreeClassifier(ccp_alpha=0.00032106409815388137, random_state=1)"
325,"DecisionTreeClassifier(ccp_alpha=0.0003210640981538815, random_state=1)"
326,"DecisionTreeClassifier(ccp_alpha=0.0003210640981538815, random_state=1)"
327,"DecisionTreeClassifier(ccp_alpha=0.00033023735810113505, random_state=1)"
328,"DecisionTreeClassifier(ccp_alpha=0.00033023735810113505, random_state=1)"
329,"DecisionTreeClassifier(ccp_alpha=0.00033235426424280915, random_state=1)"
330,"DecisionTreeClassifier(ccp_alpha=0.0003353973168214654, random_state=1)"
331,"DecisionTreeClassifier(ccp_alpha=0.0003353973168214654, random_state=1)"
332,"DecisionTreeClassifier(ccp_alpha=0.00033774275260343376, random_state=1)"
333,"DecisionTreeClassifier(ccp_alpha=0.00033774275260343376, random_state=1)"
334,"DecisionTreeClassifier(ccp_alpha=0.0003427686864219371, random_state=1)"
335,"DecisionTreeClassifier(ccp_alpha=0.00034310374867650413, random_state=1)"
336,"DecisionTreeClassifier(ccp_alpha=0.00034399724802201576, random_state=1)"
337,"DecisionTreeClassifier(ccp_alpha=0.0003439972480220158, random_state=1)"
338,"DecisionTreeClassifier(ccp_alpha=0.00034676365945715776, random_state=1)"
339,"DecisionTreeClassifier(ccp_alpha=0.0003485838779956427, random_state=1)"
340,"DecisionTreeClassifier(ccp_alpha=0.0003538257408226448, random_state=1)"
341,"DecisionTreeClassifier(ccp_alpha=0.0003538257408226449, random_state=1)"
342,"DecisionTreeClassifier(ccp_alpha=0.00035557407848429523, random_state=1)"
343,"DecisionTreeClassifier(ccp_alpha=0.0003565062388591799, random_state=1)"
344,"DecisionTreeClassifier(ccp_alpha=0.0003704585747929402, random_state=1)"
345,"DecisionTreeClassifier(ccp_alpha=0.00037151702786377707, random_state=1)"
346,"DecisionTreeClassifier(ccp_alpha=0.0003715170278637771, random_state=1)"
347,"DecisionTreeClassifier(ccp_alpha=0.0003734827264239029, random_state=1)"
348,"DecisionTreeClassifier(ccp_alpha=0.00037526972511492645, random_state=1)"
349,"DecisionTreeClassifier(ccp_alpha=0.00037526972511492645, random_state=1)"
350,"DecisionTreeClassifier(ccp_alpha=0.0003822191644689065, random_state=1)"
351,"DecisionTreeClassifier(ccp_alpha=0.00038365074897582616, random_state=1)"
352,"DecisionTreeClassifier(ccp_alpha=0.0003843279598590796, random_state=1)"
353,"DecisionTreeClassifier(ccp_alpha=0.0003852769177846578, random_state=1)"
354,"DecisionTreeClassifier(ccp_alpha=0.00038527691778465783, random_state=1)"
355,"DecisionTreeClassifier(ccp_alpha=0.0003858751738681742, random_state=1)"
356,"DecisionTreeClassifier(ccp_alpha=0.0003861646526182628, random_state=1)"
357,"DecisionTreeClassifier(ccp_alpha=0.0003869969040247678, random_state=1)"
358,"DecisionTreeClassifier(ccp_alpha=0.00038777871595209045, random_state=1)"
359,"DecisionTreeClassifier(ccp_alpha=0.00038851453894251205, random_state=1)"
360,"DecisionTreeClassifier(ccp_alpha=0.00038920831490490916, random_state=1)"
361,"DecisionTreeClassifier(ccp_alpha=0.000392156862745098, random_state=1)"
362,"DecisionTreeClassifier(ccp_alpha=0.00039313971202516087, random_state=1)"
363,"DecisionTreeClassifier(ccp_alpha=0.0003967550302941237, random_state=1)"
364,"DecisionTreeClassifier(ccp_alpha=0.00039969204055891375, random_state=1)"
365,"DecisionTreeClassifier(ccp_alpha=0.00039980773532419483, random_state=1)"
366,"DecisionTreeClassifier(ccp_alpha=0.00039988996463227006, random_state=1)"
367,"DecisionTreeClassifier(ccp_alpha=0.00040041279669762606, random_state=1)"
368,"DecisionTreeClassifier(ccp_alpha=0.0004006556182844654, random_state=1)"
369,"DecisionTreeClassifier(ccp_alpha=0.00040221216691804936, random_state=1)"
370,"DecisionTreeClassifier(ccp_alpha=0.0004024767801857586, random_state=1)"
371,"DecisionTreeClassifier(ccp_alpha=0.0004035203673426788, random_state=1)"
372,"DecisionTreeClassifier(ccp_alpha=0.00040539005831494016, random_state=1)"
373,"DecisionTreeClassifier(ccp_alpha=0.0004054518915200029, random_state=1)"
374,"DecisionTreeClassifier(ccp_alpha=0.0004055546502996398, random_state=1)"
375,"DecisionTreeClassifier(ccp_alpha=0.00040565232723853754, random_state=1)"
376,"DecisionTreeClassifier(ccp_alpha=0.00040565232723853754, random_state=1)"
377,"DecisionTreeClassifier(ccp_alpha=0.00040574288537481736, random_state=1)"
378,"DecisionTreeClassifier(ccp_alpha=0.00040609021024031, random_state=1)"
379,"DecisionTreeClassifier(ccp_alpha=0.000412796697626419, random_state=1)"
380,"DecisionTreeClassifier(ccp_alpha=0.000412796697626419, random_state=1)"
381,"DecisionTreeClassifier(ccp_alpha=0.000412796697626419, random_state=1)"
382,"DecisionTreeClassifier(ccp_alpha=0.0004231780431470833, random_state=1)"
383,"DecisionTreeClassifier(ccp_alpha=0.0004254054942415393, random_state=1)"
384,"DecisionTreeClassifier(ccp_alpha=0.0004259013546939243, random_state=1)"
385,"DecisionTreeClassifier(ccp_alpha=0.0004270832037216556, random_state=1)"
386,"DecisionTreeClassifier(ccp_alpha=0.00042780748663101613, random_state=1)"
387,"DecisionTreeClassifier(ccp_alpha=0.00043282751513775515, random_state=1)"
388,"DecisionTreeClassifier(ccp_alpha=0.00043343653250773993, random_state=1)"
389,"DecisionTreeClassifier(ccp_alpha=0.0004334365325077401, random_state=1)"
390,"DecisionTreeClassifier(ccp_alpha=0.00043547783485863977, random_state=1)"
391,"DecisionTreeClassifier(ccp_alpha=0.0004362566901266583, random_state=1)"
392,"DecisionTreeClassifier(ccp_alpha=0.0004364465084279326, random_state=1)"
393,"DecisionTreeClassifier(ccp_alpha=0.00043661189172025097, random_state=1)"
394,"DecisionTreeClassifier(ccp_alpha=0.0004465348892593474, random_state=1)"
395,"DecisionTreeClassifier(ccp_alpha=0.00044810167834446796, random_state=1)"
396,"DecisionTreeClassifier(ccp_alpha=0.0004490865171979723, random_state=1)"
397,"DecisionTreeClassifier(ccp_alpha=0.00044955446808038393, random_state=1)"
398,"DecisionTreeClassifier(ccp_alpha=0.00045220167339190414, random_state=1)"
399,"DecisionTreeClassifier(ccp_alpha=0.0004540763673890609, random_state=1)"
400,"DecisionTreeClassifier(ccp_alpha=0.0004584991891493438, random_state=1)"
401,"DecisionTreeClassifier(ccp_alpha=0.0004641982088661546, random_state=1)"
402,"DecisionTreeClassifier(ccp_alpha=0.0004643962848297215, random_state=1)"
403,"DecisionTreeClassifier(ccp_alpha=0.00046809345151407043, random_state=1)"
404,"DecisionTreeClassifier(ccp_alpha=0.00047014900716952344, random_state=1)"
405,"DecisionTreeClassifier(ccp_alpha=0.0004717676544301933, random_state=1)"
406,"DecisionTreeClassifier(ccp_alpha=0.00047630388187663733, random_state=1)"
407,"DecisionTreeClassifier(ccp_alpha=0.00047630388187663744, random_state=1)"
408,"DecisionTreeClassifier(ccp_alpha=0.0004914246400314511, random_state=1)"
409,"DecisionTreeClassifier(ccp_alpha=0.0004919160646714827, random_state=1)"
410,"DecisionTreeClassifier(ccp_alpha=0.0004953560371517027, random_state=1)"
411,"DecisionTreeClassifier(ccp_alpha=0.0004960760313917489, random_state=1)"
412,"DecisionTreeClassifier(ccp_alpha=0.0005000165126884107, random_state=1)"
413,"DecisionTreeClassifier(ccp_alpha=0.000503218831392206, random_state=1)"
414,"DecisionTreeClassifier(ccp_alpha=0.000503302925448254, random_state=1)"
415,"DecisionTreeClassifier(ccp_alpha=0.0005056759545923633, random_state=1)"
416,"DecisionTreeClassifier(ccp_alpha=0.0005119557341413607, random_state=1)"
417,"DecisionTreeClassifier(ccp_alpha=0.0005138037327073934, random_state=1)"
418,"DecisionTreeClassifier(ccp_alpha=0.0005144801753463369, random_state=1)"
419,"DecisionTreeClassifier(ccp_alpha=0.000520295837633299, random_state=1)"
420,"DecisionTreeClassifier(ccp_alpha=0.0005231701461896326, random_state=1)"
421,"DecisionTreeClassifier(ccp_alpha=0.0005251691319802776, random_state=1)"
422,"DecisionTreeClassifier(ccp_alpha=0.0005307386112339672, random_state=1)"
423,"DecisionTreeClassifier(ccp_alpha=0.0005307386112339674, random_state=1)"
424,"DecisionTreeClassifier(ccp_alpha=0.0005386272699292093, random_state=1)"
425,"DecisionTreeClassifier(ccp_alpha=0.0005417956656346748, random_state=1)"
426,"DecisionTreeClassifier(ccp_alpha=0.0005422051861680344, random_state=1)"
427,"DecisionTreeClassifier(ccp_alpha=0.000549087622915021, random_state=1)"
428,"DecisionTreeClassifier(ccp_alpha=0.0005503955968352256, random_state=1)"
429,"DecisionTreeClassifier(ccp_alpha=0.0005529748417629331, random_state=1)"
430,"DecisionTreeClassifier(ccp_alpha=0.0005551403864631152, random_state=1)"
431,"DecisionTreeClassifier(ccp_alpha=0.0005589955280357757, random_state=1)"
432,"DecisionTreeClassifier(ccp_alpha=0.0005636134304864954, random_state=1)"
433,"DecisionTreeClassifier(ccp_alpha=0.0005653309005502878, random_state=1)"
434,"DecisionTreeClassifier(ccp_alpha=0.000565875472996216, random_state=1)"
435,"DecisionTreeClassifier(ccp_alpha=0.0005685400741050368, random_state=1)"
436,"DecisionTreeClassifier(ccp_alpha=0.0005687421167297328, random_state=1)"
437,"DecisionTreeClassifier(ccp_alpha=0.0005697491811369859, random_state=1)"
438,"DecisionTreeClassifier(ccp_alpha=0.0005774031289589877, random_state=1)"
439,"DecisionTreeClassifier(ccp_alpha=0.0005804953560371517, random_state=1)"
440,"DecisionTreeClassifier(ccp_alpha=0.0005894861932013635, random_state=1)"
441,"DecisionTreeClassifier(ccp_alpha=0.0005924699106966413, random_state=1)"
442,"DecisionTreeClassifier(ccp_alpha=0.0005925311449183048, random_state=1)"
443,"DecisionTreeClassifier(ccp_alpha=0.0006042289324023071, random_state=1)"
444,"DecisionTreeClassifier(ccp_alpha=0.0006132979507592512, random_state=1)"
445,"DecisionTreeClassifier(ccp_alpha=0.0006134964899777544, random_state=1)"
446,"DecisionTreeClassifier(ccp_alpha=0.0006151186516185704, random_state=1)"
447,"DecisionTreeClassifier(ccp_alpha=0.0006264217925724639, random_state=1)"
448,"DecisionTreeClassifier(ccp_alpha=0.0006265664160401004, random_state=1)"
449,"DecisionTreeClassifier(ccp_alpha=0.0006279272842740334, random_state=1)"
450,"DecisionTreeClassifier(ccp_alpha=0.0006303243691697527, random_state=1)"
451,"DecisionTreeClassifier(ccp_alpha=0.000632117015703097, random_state=1)"
452,"DecisionTreeClassifier(ccp_alpha=0.0006336429308565529, random_state=1)"
453,"DecisionTreeClassifier(ccp_alpha=0.0006341676312194432, random_state=1)"
454,"DecisionTreeClassifier(ccp_alpha=0.00063752256590743, random_state=1)"
455,"DecisionTreeClassifier(ccp_alpha=0.0006398348813209494, random_state=1)"
456,"DecisionTreeClassifier(ccp_alpha=0.00065015479876161, random_state=1)"
457,"DecisionTreeClassifier(ccp_alpha=0.0006587547299621604, random_state=1)"
458,"DecisionTreeClassifier(ccp_alpha=0.0006604747162022702, random_state=1)"
459,"DecisionTreeClassifier(ccp_alpha=0.0006604747162022706, random_state=1)"
460,"DecisionTreeClassifier(ccp_alpha=0.0006605376667859944, random_state=1)"
461,"DecisionTreeClassifier(ccp_alpha=0.000663423264042459, random_state=1)"
462,"DecisionTreeClassifier(ccp_alpha=0.0006654783125371359, random_state=1)"
463,"DecisionTreeClassifier(ccp_alpha=0.0006678460858027423, random_state=1)"
464,"DecisionTreeClassifier(ccp_alpha=0.0006704066668218533, random_state=1)"
465,"DecisionTreeClassifier(ccp_alpha=0.0006758979527093965, random_state=1)"
466,"DecisionTreeClassifier(ccp_alpha=0.0006776556641001334, random_state=1)"
467,"DecisionTreeClassifier(ccp_alpha=0.0006879944960440316, random_state=1)"
468,"DecisionTreeClassifier(ccp_alpha=0.0006937277835110649, random_state=1)"
469,"DecisionTreeClassifier(ccp_alpha=0.0006994610709780988, random_state=1)"
470,"DecisionTreeClassifier(ccp_alpha=0.0007027372352449751, random_state=1)"
471,"DecisionTreeClassifier(ccp_alpha=0.0007032113154859466, random_state=1)"
472,"DecisionTreeClassifier(ccp_alpha=0.0007133000407261114, random_state=1)"
473,"DecisionTreeClassifier(ccp_alpha=0.0007144558228149559, random_state=1)"
474,"DecisionTreeClassifier(ccp_alpha=0.0007419603421072694, random_state=1)"
475,"DecisionTreeClassifier(ccp_alpha=0.0007440269855130536, random_state=1)"
476,"DecisionTreeClassifier(ccp_alpha=0.0007446537830294757, random_state=1)"
477,"DecisionTreeClassifier(ccp_alpha=0.0007458091595771435, random_state=1)"
478,"DecisionTreeClassifier(ccp_alpha=0.0007496000615462568, random_state=1)"
479,"DecisionTreeClassifier(ccp_alpha=0.0007676085748504645, random_state=1)"
480,"DecisionTreeClassifier(ccp_alpha=0.0007680400095260777, random_state=1)"
481,"DecisionTreeClassifier(ccp_alpha=0.0007682474903837134, random_state=1)"
482,"DecisionTreeClassifier(ccp_alpha=0.0007695551338815091, random_state=1)"
483,"DecisionTreeClassifier(ccp_alpha=0.0007723643474010103, random_state=1)"
484,"DecisionTreeClassifier(ccp_alpha=0.0007733000320871383, random_state=1)"
485,"DecisionTreeClassifier(ccp_alpha=0.0007739938080495354, random_state=1)"
486,"DecisionTreeClassifier(ccp_alpha=0.0007781518013510538, random_state=1)"
487,"DecisionTreeClassifier(ccp_alpha=0.0007817701621416317, random_state=1)"
488,"DecisionTreeClassifier(ccp_alpha=0.0007889709619430883, random_state=1)"
489,"DecisionTreeClassifier(ccp_alpha=0.0007931315407123453, random_state=1)"
490,"DecisionTreeClassifier(ccp_alpha=0.0007933390296318492, random_state=1)"
491,"DecisionTreeClassifier(ccp_alpha=0.0008071649712516582, random_state=1)"
492,"DecisionTreeClassifier(ccp_alpha=0.0008137642408742153, random_state=1)"
493,"DecisionTreeClassifier(ccp_alpha=0.0008169934640522877, random_state=1)"
494,"DecisionTreeClassifier(ccp_alpha=0.0008195048769990255, random_state=1)"
495,"DecisionTreeClassifier(ccp_alpha=0.0008250524318386115, random_state=1)"
496,"DecisionTreeClassifier(ccp_alpha=0.0008337155524978028, random_state=1)"
497,"DecisionTreeClassifier(ccp_alpha=0.000858000453069546, random_state=1)"
498,"DecisionTreeClassifier(ccp_alpha=0.0008717614469610556, random_state=1)"
499,"DecisionTreeClassifier(ccp_alpha=0.0008735633373078374, random_state=1)"
500,"DecisionTreeClassifier(ccp_alpha=0.0008845568379183856, random_state=1)"
501,"DecisionTreeClassifier(ccp_alpha=0.0008847522304927923, random_state=1)"
502,"DecisionTreeClassifier(ccp_alpha=0.0008930076574967974, random_state=1)"
503,"DecisionTreeClassifier(ccp_alpha=0.000896469916743561, random_state=1)"
504,"DecisionTreeClassifier(ccp_alpha=0.0009006473402758232, random_state=1)"
505,"DecisionTreeClassifier(ccp_alpha=0.0009043749078578802, random_state=1)"
506,"DecisionTreeClassifier(ccp_alpha=0.0009054377352817104, random_state=1)"
507,"DecisionTreeClassifier(ccp_alpha=0.0009272048900531875, random_state=1)"
508,"DecisionTreeClassifier(ccp_alpha=0.0009355496584598755, random_state=1)"
509,"DecisionTreeClassifier(ccp_alpha=0.0009377511871662728, random_state=1)"
510,"DecisionTreeClassifier(ccp_alpha=0.0009433740404112762, random_state=1)"
511,"DecisionTreeClassifier(ccp_alpha=0.000945518250390338, random_state=1)"
512,"DecisionTreeClassifier(ccp_alpha=0.000950392396860825, random_state=1)"
513,"DecisionTreeClassifier(ccp_alpha=0.0009506256837233011, random_state=1)"
514,"DecisionTreeClassifier(ccp_alpha=0.0009589878836524868, random_state=1)"
515,"DecisionTreeClassifier(ccp_alpha=0.0009639038595512825, random_state=1)"
516,"DecisionTreeClassifier(ccp_alpha=0.000964912280701754, random_state=1)"
517,"DecisionTreeClassifier(ccp_alpha=0.0009706300727972556, random_state=1)"
518,"DecisionTreeClassifier(ccp_alpha=0.000981631590689373, random_state=1)"
519,"DecisionTreeClassifier(ccp_alpha=0.000981821068508375, random_state=1)"
520,"DecisionTreeClassifier(ccp_alpha=0.0009819409381442148, random_state=1)"
521,"DecisionTreeClassifier(ccp_alpha=0.0009987386767572528, random_state=1)"
522,"DecisionTreeClassifier(ccp_alpha=0.0010024488264205197, random_state=1)"
523,"DecisionTreeClassifier(ccp_alpha=0.0010158250292539913, random_state=1)"
524,"DecisionTreeClassifier(ccp_alpha=0.001020165676512426, random_state=1)"
525,"DecisionTreeClassifier(ccp_alpha=0.0010228297534799085, random_state=1)"
526,"DecisionTreeClassifier(ccp_alpha=0.0010421320606667944, random_state=1)"
527,"DecisionTreeClassifier(ccp_alpha=0.0010482950809183426, random_state=1)"
528,"DecisionTreeClassifier(ccp_alpha=0.001066302118933698, random_state=1)"
529,"DecisionTreeClassifier(ccp_alpha=0.0010783091733738246, random_state=1)"
530,"DecisionTreeClassifier(ccp_alpha=0.0010815904072062365, random_state=1)"
531,"DecisionTreeClassifier(ccp_alpha=0.0010829770504693105, random_state=1)"
532,"DecisionTreeClassifier(ccp_alpha=0.0010875769564945338, random_state=1)"
533,"DecisionTreeClassifier(ccp_alpha=0.0010934721032870038, random_state=1)"
534,"DecisionTreeClassifier(ccp_alpha=0.0010936172339681117, random_state=1)"
535,"DecisionTreeClassifier(ccp_alpha=0.0010962864678034957, random_state=1)"
536,"DecisionTreeClassifier(ccp_alpha=0.0010976164194002277, random_state=1)"
537,"DecisionTreeClassifier(ccp_alpha=0.0010996036609568285, random_state=1)"
538,"DecisionTreeClassifier(ccp_alpha=0.0011023442073607138, random_state=1)"
539,"DecisionTreeClassifier(ccp_alpha=0.0011099644536177035, random_state=1)"
540,"DecisionTreeClassifier(ccp_alpha=0.0011381763056436069, random_state=1)"
541,"DecisionTreeClassifier(ccp_alpha=0.0011416598735377178, random_state=1)"
542,"DecisionTreeClassifier(ccp_alpha=0.0011600304219898747, random_state=1)"
543,"DecisionTreeClassifier(ccp_alpha=0.0011744035784261257, random_state=1)"
544,"DecisionTreeClassifier(ccp_alpha=0.0011824751921194329, random_state=1)"
545,"DecisionTreeClassifier(ccp_alpha=0.0011930896760618116, random_state=1)"
546,"DecisionTreeClassifier(ccp_alpha=0.0012275101799185608, random_state=1)"
547,"DecisionTreeClassifier(ccp_alpha=0.0012329585573841726, random_state=1)"
548,"DecisionTreeClassifier(ccp_alpha=0.0012413983279226885, random_state=1)"
549,"DecisionTreeClassifier(ccp_alpha=0.001250911785471362, random_state=1)"
550,"DecisionTreeClassifier(ccp_alpha=0.0012621544164325357, random_state=1)"
551,"DecisionTreeClassifier(ccp_alpha=0.001267178641791644, random_state=1)"
552,"DecisionTreeClassifier(ccp_alpha=0.0012679828541250935, random_state=1)"
553,"DecisionTreeClassifier(ccp_alpha=0.0012734778121775024, random_state=1)"
554,"DecisionTreeClassifier(ccp_alpha=0.0012819839817620059, random_state=1)"
555,"DecisionTreeClassifier(ccp_alpha=0.0013036881419234364, random_state=1)"
556,"DecisionTreeClassifier(ccp_alpha=0.0013463073323081395, random_state=1)"
557,"DecisionTreeClassifier(ccp_alpha=0.0013599573051123995, random_state=1)"
558,"DecisionTreeClassifier(ccp_alpha=0.0013873575956026667, random_state=1)"
559,"DecisionTreeClassifier(ccp_alpha=0.0014087976693452318, random_state=1)"
560,"DecisionTreeClassifier(ccp_alpha=0.0014138874081125563, random_state=1)"
561,"DecisionTreeClassifier(ccp_alpha=0.0014229715829039064, random_state=1)"
562,"DecisionTreeClassifier(ccp_alpha=0.001426538786716686, random_state=1)"
563,"DecisionTreeClassifier(ccp_alpha=0.0014723131968412137, random_state=1)"
564,"DecisionTreeClassifier(ccp_alpha=0.0015189181144397322, random_state=1)"
565,"DecisionTreeClassifier(ccp_alpha=0.0015316366584396833, random_state=1)"
566,"DecisionTreeClassifier(ccp_alpha=0.0015419229660715724, random_state=1)"
567,"DecisionTreeClassifier(ccp_alpha=0.0015515572455809552, random_state=1)"
568,"DecisionTreeClassifier(ccp_alpha=0.0015952399853328648, random_state=1)"
569,"DecisionTreeClassifier(ccp_alpha=0.001620999708925406, random_state=1)"
570,"DecisionTreeClassifier(ccp_alpha=0.0016268705754982297, random_state=1)"
571,"DecisionTreeClassifier(ccp_alpha=0.0016326248620213406, random_state=1)"
572,"DecisionTreeClassifier(ccp_alpha=0.0016436813960033774, random_state=1)"
573,"DecisionTreeClassifier(ccp_alpha=0.0016703238098403116, random_state=1)"
574,"DecisionTreeClassifier(ccp_alpha=0.0016727199787954982, random_state=1)"
575,"DecisionTreeClassifier(ccp_alpha=0.0016855190504276303, random_state=1)"
576,"DecisionTreeClassifier(ccp_alpha=0.0017164977771388442, random_state=1)"
577,"DecisionTreeClassifier(ccp_alpha=0.001725788294280669, random_state=1)"
578,"DecisionTreeClassifier(ccp_alpha=0.001776667604840979, random_state=1)"
579,"DecisionTreeClassifier(ccp_alpha=0.0017869741609631735, random_state=1)"
580,"DecisionTreeClassifier(ccp_alpha=0.0017998859034923918, random_state=1)"
581,"DecisionTreeClassifier(ccp_alpha=0.0018020148667868873, random_state=1)"
582,"DecisionTreeClassifier(ccp_alpha=0.0018342565592546736, random_state=1)"
583,"DecisionTreeClassifier(ccp_alpha=0.0018850264028945317, random_state=1)"
584,"DecisionTreeClassifier(ccp_alpha=0.001926285109160486, random_state=1)"
585,"DecisionTreeClassifier(ccp_alpha=0.0019504221616602558, random_state=1)"
586,"DecisionTreeClassifier(ccp_alpha=0.0019540323677410595, random_state=1)"
587,"DecisionTreeClassifier(ccp_alpha=0.001987955973371494, random_state=1)"
588,"DecisionTreeClassifier(ccp_alpha=0.0019879972173343988, random_state=1)"
589,"DecisionTreeClassifier(ccp_alpha=0.0021437489963280435, random_state=1)"
590,"DecisionTreeClassifier(ccp_alpha=0.002149786230281588, random_state=1)"
591,"DecisionTreeClassifier(ccp_alpha=0.0021614529922877376, random_state=1)"
592,"DecisionTreeClassifier(ccp_alpha=0.002225328185025851, random_state=1)"
593,"DecisionTreeClassifier(ccp_alpha=0.002245858131504661, random_state=1)"
594,"DecisionTreeClassifier(ccp_alpha=0.002287815180285601, random_state=1)"
595,"DecisionTreeClassifier(ccp_alpha=0.002288422919474894, random_state=1)"
596,"DecisionTreeClassifier(ccp_alpha=0.0023872409673354796, random_state=1)"
597,"DecisionTreeClassifier(ccp_alpha=0.0023901169275116537, random_state=1)"
598,"DecisionTreeClassifier(ccp_alpha=0.002425538929021901, random_state=1)"
599,"DecisionTreeClassifier(ccp_alpha=0.002428650255152827, random_state=1)"
600,"DecisionTreeClassifier(ccp_alpha=0.002500059379838146, random_state=1)"
601,"DecisionTreeClassifier(ccp_alpha=0.0025533605254967496, random_state=1)"
602,"DecisionTreeClassifier(ccp_alpha=0.0026125755498705005, random_state=1)"
603,"DecisionTreeClassifier(ccp_alpha=0.002620475814317659, random_state=1)"
604,"DecisionTreeClassifier(ccp_alpha=0.0026587969818184414, random_state=1)"
605,"DecisionTreeClassifier(ccp_alpha=0.0026944139309934053, random_state=1)"
606,"DecisionTreeClassifier(ccp_alpha=0.0028408230517740305, random_state=1)"
607,"DecisionTreeClassifier(ccp_alpha=0.0028868622384354264, random_state=1)"
608,"DecisionTreeClassifier(ccp_alpha=0.002925543492203785, random_state=1)"
609,"DecisionTreeClassifier(ccp_alpha=0.002968799356091841, random_state=1)"
610,"DecisionTreeClassifier(ccp_alpha=0.002970014099042138, random_state=1)"
611,"DecisionTreeClassifier(ccp_alpha=0.00298495694574126, random_state=1)"
612,"DecisionTreeClassifier(ccp_alpha=0.002988474860758865, random_state=1)"
613,"DecisionTreeClassifier(ccp_alpha=0.0029963482623588666, random_state=1)"
614,"DecisionTreeClassifier(ccp_alpha=0.0030263496831651453, random_state=1)"
615,"DecisionTreeClassifier(ccp_alpha=0.0030962919560070636, random_state=1)"
616,"DecisionTreeClassifier(ccp_alpha=0.0034509950663626845, random_state=1)"
617,"DecisionTreeClassifier(ccp_alpha=0.003453626450879141, random_state=1)"
618,"DecisionTreeClassifier(ccp_alpha=0.0035279206427500168, random_state=1)"
619,"DecisionTreeClassifier(ccp_alpha=0.0035725067518163033, random_state=1)"
620,"DecisionTreeClassifier(ccp_alpha=0.003658035809605149, random_state=1)"
621,"DecisionTreeClassifier(ccp_alpha=0.0036898973144325192, random_state=1)"
622,"DecisionTreeClassifier(ccp_alpha=0.0037446022930296106, random_state=1)"
623,"DecisionTreeClassifier(ccp_alpha=0.0038204452092696142, random_state=1)"
624,"DecisionTreeClassifier(ccp_alpha=0.003911595246890323, random_state=1)"
625,"DecisionTreeClassifier(ccp_alpha=0.003962693939474126, random_state=1)"
626,"DecisionTreeClassifier(ccp_alpha=0.004008781326005926, random_state=1)"
627,"DecisionTreeClassifier(ccp_alpha=0.004016089189007015, random_state=1)"
628,"DecisionTreeClassifier(ccp_alpha=0.004064011084292529, random_state=1)"
629,"DecisionTreeClassifier(ccp_alpha=0.004078877013657046, random_state=1)"
630,"DecisionTreeClassifier(ccp_alpha=0.0041203078660198775, random_state=1)"
631,"DecisionTreeClassifier(ccp_alpha=0.004249273210650035, random_state=1)"
632,"DecisionTreeClassifier(ccp_alpha=0.0042630770011353875, random_state=1)"
633,"DecisionTreeClassifier(ccp_alpha=0.004495471347065, random_state=1)"
634,"DecisionTreeClassifier(ccp_alpha=0.004959641737332231, random_state=1)"
635,"DecisionTreeClassifier(ccp_alpha=0.005012138117609838, random_state=1)"
636,"DecisionTreeClassifier(ccp_alpha=0.005341840840848484, random_state=1)"
637,"DecisionTreeClassifier(ccp_alpha=0.005500478598392398, random_state=1)"
638,"DecisionTreeClassifier(ccp_alpha=0.005684339784017285, random_state=1)"
639,"DecisionTreeClassifier(ccp_alpha=0.0058238215076638, random_state=1)"
640,"DecisionTreeClassifier(ccp_alpha=0.0058303843081605605, random_state=1)"
641,"DecisionTreeClassifier(ccp_alpha=0.005947784428389932, random_state=1)"
642,"DecisionTreeClassifier(ccp_alpha=0.005969049672124797, random_state=1)"
643,"DecisionTreeClassifier(ccp_alpha=0.006250794754116974, random_state=1)"
644,"DecisionTreeClassifier(ccp_alpha=0.006435937780560327, random_state=1)"
645,"DecisionTreeClassifier(ccp_alpha=0.007285854009160646, random_state=1)"
646,"DecisionTreeClassifier(ccp_alpha=0.007644757548718309, random_state=1)"
647,"DecisionTreeClassifier(ccp_alpha=0.007773887976597836, random_state=1)"
648,"DecisionTreeClassifier(ccp_alpha=0.008372113729391832, random_state=1)"
649,"DecisionTreeClassifier(ccp_alpha=0.008470231718786414, random_state=1)"
650,"DecisionTreeClassifier(ccp_alpha=0.009742811635499254, random_state=1)"
651,"DecisionTreeClassifier(ccp_alpha=0.010334070813791719, random_state=1)"
652,"DecisionTreeClassifier(ccp_alpha=0.010383930206390946, random_state=1)"
653,"DecisionTreeClassifier(ccp_alpha=0.01122385076848606, random_state=1)"
654,"DecisionTreeClassifier(ccp_alpha=0.012773685471618931, random_state=1)"
655,"DecisionTreeClassifier(ccp_alpha=0.015607299991393181, random_state=1)"
656,"DecisionTreeClassifier(ccp_alpha=0.01781973285098995, random_state=1)"
657,"DecisionTreeClassifier(ccp_alpha=0.021105664254201573, random_state=1)"
658,"DecisionTreeClassifier(ccp_alpha=0.022284705461081314, random_state=1)"
659,"DecisionTreeClassifier(ccp_alpha=0.027900863224665062, random_state=1)"
660,"DecisionTreeClassifier(ccp_alpha=0.02960028705093909, random_state=1)"
661,"DecisionTreeClassifier(ccp_alpha=0.045092230390203936, random_state=1)"
